time; hr
158457198018560; 89.000000
158459295170560; 90.000000
158459295170560; 90.000000
158463690801152; 90.000000
